epoch,accuracy,loss,lr,precision,recall,top3_acc,val_accuracy,val_loss,val_precision,val_recall,val_top3_acc
0,0.2730034589767456,5.935561656951904,0.002,0.39777690172195435,0.11870631575584412,0.576171875,0.4577954411506653,5.027297496795654,0.732824444770813,0.09533267468214035,0.7735849022865295
1,0.3563368022441864,5.2066192626953125,0.002,0.5106081962585449,0.12792345881462097,0.6875,0.46077457070350647,4.631666660308838,0.7357142567634583,0.1022840142250061,0.7874875664710999
2,0.3973524272441864,4.549045562744141,0.002,0.5932028889656067,0.1360415667295456,0.7406684160232544,0.49155908823013306,4.049413681030273,0.8051947951316833,0.12313803285360336,0.8311817049980164
3,0.4424913227558136,3.9732017517089844,0.002,0.6395348906517029,0.13002364337444305,0.7658420205116272,0.46573981642723083,3.6031463146209717,0.7335907220840454,0.18867924809455872,0.8133068680763245
4,0.4533420205116272,3.4958670139312744,0.002,0.6598870158195496,0.13851992785930634,0.7845051884651184,0.49255213141441345,3.2470009326934814,0.7886598110198975,0.15193644165992737,0.8073485493659973
5,0.4596354067325592,3.1736860275268555,0.002,0.6731220483779907,0.13599716126918793,0.7879774570465088,0.46573981642723083,2.9440555572509766,0.7431192398071289,0.1608738899230957,0.817279040813446
6,0.4915364682674408,2.8601560592651367,0.002,0.7040988206863403,0.1484726518392563,0.7996962070465088,0.43495529890060425,2.7665765285491943,0.6901960968971252,0.1747765690088272,0.8063555359840393
7,0.4806857705116272,2.7053120136260986,0.002,0.7034482955932617,0.14367882907390594,0.8025173544883728,0.5124130845069885,2.5796618461608887,0.7777777910232544,0.1598808318376541,0.8103277087211609
8,0.4826388955116272,2.586960792541504,0.002,0.7088122367858887,0.15338149666786194,0.8088107705116272,0.3833167850971222,2.6352264881134033,0.6043956279754639,0.16385303437709808,0.7666335701942444
9,0.4763454794883728,2.4910192489624023,0.002,0.6997230052947998,0.14934374392032623,0.8014323115348816,0.5471698045730591,2.3643710613250732,0.7971529960632324,0.2224428951740265,0.8113207817077637
10,0.4793836772441864,2.4454097747802734,0.002,0.7042648792266846,0.14862623810768127,0.798828125,0.5431976318359375,2.2560019493103027,0.8191125988960266,0.23833167552947998,0.857001006603241
11,0.4817708432674408,2.39764404296875,0.002,0.7095158696174622,0.15131735801696777,0.8064236044883728,0.4568023979663849,2.3891284465789795,0.761904776096344,0.15888778865337372,0.8043693900108337
12,0.4817708432674408,2.379483222961426,0.002,0.7169597148895264,0.14981628954410553,0.7955729365348816,0.4597815275192261,2.371169090270996,0.7372262477874756,0.20059582591056824,0.7864945530891418
13,0.4798177182674408,2.35685133934021,0.002,0.7168743014335632,0.14927485585212708,0.8083767294883728,0.3416087329387665,2.5813660621643066,0.36250001192092896,0.14399205148220062,0.7914597988128662
14,0.4750434160232544,2.3425846099853516,0.002,0.7184179425239563,0.14375147223472595,0.7992621660232544,0.35948362946510315,2.505389451980591,0.5720720887184143,0.12611718475818634,0.7586891651153564
15,0.4733072817325592,2.3524155616760254,0.002,0.7030735611915588,0.15150798857212067,0.8031684160232544,0.46573981642723083,2.393031120300293,0.6081632375717163,0.1479642540216446,0.8003972172737122
16,0.4891493022441864,2.281202793121338,0.001,0.7127478718757629,0.14855928719043732,0.818359375,0.5700099468231201,2.1395809650421143,0.8486055731773376,0.21151936054229736,0.8321747779846191
17,0.5088975429534912,2.151449680328369,0.001,0.7398152947425842,0.16103097796440125,0.8224826455116272,0.4577954411506653,2.1503913402557373,0.7406143546104431,0.21549156308174133,0.8093346357345581
18,0.509765625,2.0972023010253906,0.001,0.7332988381385803,0.16795161366462708,0.8255208134651184,0.4597815275192261,2.1144676208496094,0.7260726094245911,0.2184707075357437,0.8123137950897217
19,0.5169270634651184,2.069716691970825,0.001,0.7378692030906677,0.16609284281730652,0.8268229365348816,0.532274067401886,2.023959159851074,0.8146551847457886,0.18768619000911713,0.8351539373397827
20,0.5282118320465088,2.0442354679107666,0.001,0.7358299493789673,0.17192858457565308,0.8177083134651184,0.4548162817955017,2.1430840492248535,0.7531380653381348,0.17874875664710999,0.7745779752731323
21,0.5049912929534912,2.0710363388061523,0.001,0.7161644101142883,0.15509670972824097,0.8187934160232544,0.5759682059288025,1.9862134456634521,0.8560000061988831,0.21251241862773895,0.8232373595237732
22,0.5115017294883728,2.037485122680664,0.001,0.7377567291259766,0.16640931367874146,0.8248698115348816,0.4995034635066986,1.9601315259933472,0.7674418687820435,0.2949354648590088,0.8341608643531799
23,0.5062934160232544,2.064948081970215,0.001,0.7305039763450623,0.1637725979089737,0.8224826455116272,0.5382323861122131,1.9950765371322632,0.7781569957733154,0.22641509771347046,0.8282026052474976
24,0.5045573115348816,2.0606791973114014,0.001,0.7275711297988892,0.15721039474010468,0.818359375,0.5263158082962036,2.00390887260437,0.800000011920929,0.20258192718029022,0.8411121964454651
25,0.5045573115348816,2.0480730533599854,0.001,0.7308693528175354,0.1658594161272049,0.8220486044883728,0.5193644762039185,1.9928208589553833,0.7943925261497498,0.2532274127006531,0.8371400237083435
26,0.5075954794883728,2.0543932914733887,0.001,0.7320398688316345,0.16615091264247894,0.8235676884651184,0.5094339847564697,2.0699782371520996,0.7864406704902649,0.23038728535175323,0.794438898563385
27,0.5075954794883728,2.051050901412964,0.001,0.7254164218902588,0.15966883301734924,0.8289930820465088,0.4856007993221283,2.076775074005127,0.7294520735740662,0.21151936054229736,0.7904667258262634
28,0.5249565839767456,1.9930509328842163,0.0005,0.726578414440155,0.16845709085464478,0.83984375,0.5610724687576294,1.8961689472198486,0.8350515365600586,0.24131081998348236,0.8589870929718018
29,0.5271267294883728,1.94044029712677,0.0005,0.7451381683349609,0.17200236022472382,0.8433159589767456,0.5302879810333252,1.9020686149597168,0.8107143044471741,0.22542203962802887,0.8480635285377502
30,0.5323350429534912,1.91466224193573,0.0005,0.7388471364974976,0.17435532808303833,0.8355034589767456,0.531281054019928,1.8471970558166504,0.7908496856689453,0.24031777679920197,0.8748758435249329
31,0.5407986044883728,1.877472162246704,0.0005,0.7556762099266052,0.18084101378917694,0.8470051884651184,0.5074478387832642,1.8497905731201172,0.7597765326499939,0.27010923624038696,0.8480635285377502
32,0.5310329794883728,1.8514485359191895,0.0005,0.7547817826271057,0.1810162365436554,0.8441840410232544,0.5819265246391296,1.7822749614715576,0.8434504866600037,0.2621648609638214,0.8639523386955261
33,0.5460069179534912,1.839445948600769,0.0005,0.7611640691757202,0.17849159240722656,0.845703125,0.5292949080467224,1.835391879081726,0.7824773192405701,0.25719961524009705,0.8401191830635071
34,0.5342881679534912,1.83263099193573,0.0005,0.7476053833961487,0.18486499786376953,0.8444010615348816,0.47467726469039917,1.9491100311279297,0.7246376872062683,0.2482621669769287,0.7984111309051514
35,0.5368923544883728,1.8454651832580566,0.0005,0.7346341609954834,0.17719732224941254,0.8504774570465088,0.5422045588493347,1.770064115524292,0.7422434091567993,0.3088381290435791,0.8699105978012085
36,0.552734375,1.8144179582595825,0.0005,0.7568740844726562,0.18513274192810059,0.8530815839767456,0.5819265246391296,1.7144135236740112,0.8005181550979614,0.3068520426750183,0.8778550028800964
37,0.5405815839767456,1.8137747049331665,0.0005,0.7524271607398987,0.18360577523708344,0.8509114384651184,0.5719960331916809,1.7388774156570435,0.8021680116653442,0.293942391872406,0.8699105978012085
38,0.53515625,1.8437426090240479,0.0005,0.746202826499939,0.17987480759620667,0.84375,0.467725932598114,1.9144350290298462,0.6871345043182373,0.23336642980575562,0.8152929544448853
39,0.5479600429534912,1.8138046264648438,0.0005,0.7607747912406921,0.18582919239997864,0.8504774570465088,0.5580933690071106,1.7712078094482422,0.800000011920929,0.2780536115169525,0.8649454116821289
40,0.5401475429534912,1.8083150386810303,0.0005,0.7522416114807129,0.18879544734954834,0.8541666865348816,0.5948361754417419,1.7377878427505493,0.8051576018333435,0.2790466845035553,0.8649454116821289
41,0.5295138955116272,1.829620361328125,0.0005,0.7405775785446167,0.1784408539533615,0.8513454794883728,0.4836146831512451,1.8918159008026123,0.6276276111602783,0.2075471729040146,0.8510426878929138
42,0.5592448115348816,1.7635520696640015,0.00025,0.7660256624221802,0.19768403470516205,0.8598090410232544,0.5571002960205078,1.7579419612884521,0.8030303120613098,0.2631579041481018,0.8589870929718018
43,0.5553385615348816,1.7546945810317993,0.00025,0.75,0.19184397161006927,0.8576388955116272,0.5739821195602417,1.7117384672164917,0.8051947951316833,0.3078450858592987,0.8639523386955261
44,0.5592448115348816,1.7292289733886719,0.00025,0.7668766975402832,0.20180009305477142,0.8600260615348816,0.5610724687576294,1.7379705905914307,0.7821522355079651,0.2959285080432892,0.8520357608795166
45,0.5757378339767456,1.708856225013733,0.00025,0.7614638209342957,0.20382390916347504,0.8695746660232544,0.5938431024551392,1.6531062126159668,0.7962962985038757,0.3416087329387665,0.8649454116821289
46,0.5588107705116272,1.714789867401123,0.00025,0.7684594392776489,0.19891458749771118,0.8624131679534912,0.5739821195602417,1.6813603639602661,0.7899159789085388,0.2800397276878357,0.8639523386955261
47,0.5668402910232544,1.7077363729476929,0.00025,0.7556869983673096,0.19550377130508423,0.8626301884651184,0.6017875075340271,1.6424434185028076,0.795918345451355,0.3098311722278595,0.8659384250640869
48,0.580078125,1.6722458600997925,0.00025,0.7679211497306824,0.20308056473731995,0.8726128339767456,0.6097318530082703,1.6197105646133423,0.7976190447807312,0.33267131447792053,0.8699105978012085
49,0.5690104365348816,1.6623812913894653,0.00025,0.754935622215271,0.2090066522359848,0.86328125,0.6166832447052002,1.595686435699463,0.804444432258606,0.35948362946510315,0.8748758435249329
50,0.5770399570465088,1.6574698686599731,0.00025,0.7748690843582153,0.20896576344966888,0.8615451455116272,0.6027805209159851,1.6139224767684937,0.8179723620414734,0.3525322675704956,0.8778550028800964
51,0.5690104365348816,1.6649940013885498,0.00025,0.7619464993476868,0.20536452531814575,0.8700087070465088,0.5739821195602417,1.6497961282730103,0.8090185523033142,0.30287984013557434,0.8649454116821289
52,0.5855034589767456,1.63602876663208,0.00025,0.7638648152351379,0.20881202816963196,0.8723958134651184,0.6027805209159851,1.6034018993377686,0.7951807379722595,0.32770606875419617,0.8788480758666992
53,0.5681423544883728,1.654831886291504,0.00025,0.7613043189048767,0.20734162628650665,0.8745659589767456,0.6007944345474243,1.593123197555542,0.7777777910232544,0.3406156897544861,0.8768619894981384
54,0.5776909589767456,1.6345770359039307,0.00025,0.7769942879676819,0.20817098021507263,0.8747829794883728,0.5958291888237,1.5846889019012451,0.7933491468429565,0.33167824149131775,0.8778550028800964
55,0.5870225429534912,1.638512372970581,0.00025,0.7685497403144836,0.21607206761837006,0.8697916865348816,0.587884783744812,1.5957568883895874,0.7811764478683472,0.32969215512275696,0.8758689165115356
56,0.5746527910232544,1.615928292274475,0.00025,0.762565016746521,0.20845670998096466,0.873046875,0.5809334516525269,1.599478006362915,0.7863849997520447,0.33267131447792053,0.8679245114326477
57,0.5787760615348816,1.6208624839782715,0.00025,0.769197404384613,0.2091788649559021,0.8745659589767456,0.5461767911911011,1.6526827812194824,0.7611241340637207,0.3227408230304718,0.849056601524353
58,0.5855034589767456,1.5994929075241089,0.00025,0.7814458608627319,0.22151148319244385,0.8717448115348816,0.5809334516525269,1.5705883502960205,0.789130449295044,0.36047667264938354,0.8818272352218628
59,0.5733506679534912,1.6321953535079956,0.00025,0.7740384340286255,0.21065779030323029,0.8684895634651184,0.5610724687576294,1.6078077554702759,0.7580645084381104,0.3267129957675934,0.8758689165115356
